Название кампании	Номер группы	Название группы	Фраза (с минус-словами)	Заголовок 1	Заголовок 2	Текст	Ссылка	Отображаемая ссылка	Ставка CPC	Быстрая ссылка 1 - Заголовок	Быстрая ссылка 1 - Адрес	Быстрая ссылка 1 - Описание	Быстрая ссылка 2 - Заголовок	Быстрая ссылка 2 - Адрес	Быстрая ссылка 2 - Описание	Быстрая ссылка 3 - Заголовок	Быстрая ссылка 3 - Адрес	Быстрая ссылка 3 - Описание	Быстрая ссылка 4 - Заголовок	Быстрая ссылка 4 - Адрес	Быстрая ссылка 4 - Описание	Быстрая ссылка 5 - Заголовок	Быстрая ссылка 5 - Адрес	Быстрая ссылка 5 - Описание	Быстрая ссылка 6 - Заголовок	Быстрая ссылка 6 - Адрес	Быстрая ссылка 6 - Описание	Быстрая ссылка 7 - Заголовок	Быстрая ссылка 7 - Адрес	Быстрая ссылка 7 - Описание	Быстрая ссылка 8 - Заголовок	Быстрая ссылка 8 - Адрес	Быстрая ссылка 8 - Описание
"[SEARCH] SMMplan — Telegram Core"	"1"	"Telegram — Подписчики и просмотры"	"""купить подписчиков телеграм"" -бесплатно -взлом -слив -своими руками -курсы -вакансии -скачать"	"Продвижение каналов Telegram | SMMplan"	"B2B API провайдер"	"Рост охватов и активности для бизнеса. Автоматический запуск от 5 минут. Низкие цены."	"https://smmplan.pro/services?cat=telegram&utm_source=yandex&utm_medium=cpc&utm_campaign={campaign_id}&utm_content={ad_id}&utm_term={keyword}"	"smmplan.pro/b2b"	"36.50"	"Каталог услуг"	"https://smmplan.pro/services"	"Цены от 0.05 ₽ за единицу"	"B2B API"	"https://smmplan.pro/docs/api"	"Автоматизация для реселлеров"	"Пополнение баланса"	"https://smmplan.pro/add-funds"	"СБП, Карты РФ, Криптовалюта"	"Гарантия и поддержка"	"https://smmplan.pro/support"	"Оперативная поддержка 24/7"	"Тарифы и опт"	"https://smmplan.pro/pricing"	"Скидки от объема до 40%"	"Отзывы и статус"	"https://smmplan.pro/support"	"99.8% успешных запусков"	"Быстрый старт"	"https://smmplan.pro/signup"	"Тестовый доступ за 30 сек"	"B2B оферта"	"https://smmplan.pro/terms"	"Закрывающие документы"
"[SEARCH] SMMplan — Telegram Core"	"1"	"Telegram — Подписчики и просмотры"	"""купить подписчиков тг"" -бесплатно -взлом -слив -своими руками -курсы -вакансии -скачать"	""	""	""	""	""	"36.50"	""	""	""	""	""	""	""	""	""	""	""	""	""	""	""	""	""	""	""	""	""	""	""	""
"[SEARCH] SMMplan — Telegram Core"	"1"	"Telegram — Подписчики и просмотры"	"""продвижение телеграм канала"" -бесплатно -взлом -слив -своими руками -курсы -вакансии -скачать"	""	""	""	""	""	"36.50"	""	""	""	""	""	""	""	""	""	""	""	""	""	""	""	""	""	""	""	""	""	""	""	""
"[SEARCH] SMMplan — Telegram Core"	"1"	"Telegram — Подписчики и просмотры"	"""раскрутка тг канала"" -бесплатно -взлом -слив -своими руками -курсы -вакансии -скачать"	""	""	""	""	""	"36.50"	""	""	""	""	""	""	""	""	""	""	""	""	""	""	""	""	""	""	""	""	""	""	""	""
"[SEARCH] SMMplan — Telegram Core"	"1"	"Telegram — Подписчики и просмотры"	"""просмотры телеграм купить"" -бесплатно -взлом -слив -своими руками -курсы -вакансии -скачать"	""	""	""	""	""	"36.50"	""	""	""	""	""	""	""	""	""	""	""	""	""	""	""	""	""	""	""	""	""	""	""	""
"[SEARCH] SMMplan — Telegram Core"	"1"	"Telegram — Подписчики и просмотры"	"""реакции телеграм купить"" -бесплатно -взлом -слив -своими руками -курсы -вакансии -скачать"	""	""	""	""	""	"36.50"	""	""	""	""	""	""	""	""	""	""	""	""	""	""	""	""	""	""	""	""	""	""	""	""
"[SEARCH] SMMplan — Telegram Core"	"1"	"Telegram — Подписчики и просмотры"	"""бусты тг канала купить"" -бесплатно -взлом -слив -своими руками -курсы -вакансии -скачать"	""	""	""	""	""	"36.50"	""	""	""	""	""	""	""	""	""	""	""	""	""	""	""	""	""	""	""	""	""	""	""	""
"[SEARCH] SMMplan — Telegram Core"	"1"	"Telegram — Подписчики и просмотры"	"""smm панель телеграм"" -бесплатно -взлом -слив -своими руками -курсы -вакансии -скачать"	""	""	""	""	""	"36.50"	""	""	""	""	""	""	""	""	""	""	""	""	""	""	""	""	""	""	""	""	""	""	""	""
"[SEARCH] SMMplan — Telegram Core"	"1"	"Telegram — Подписчики и просмотры"	"""smm провайдер телеграм"" -бесплатно -взлом -слив -своими руками -курсы -вакансии -скачать"	""	""	""	""	""	"36.50"	""	""	""	""	""	""	""	""	""	""	""	""	""	""	""	""	""	""	""	""	""	""	""	""
"[SEARCH] SMMplan — VK Сообщества"	"2"	"VK — Продвижение сообществ и пабликов"	"""продвижение группы вк"" -бесплатно -скачать -взлом -слив -курсы -уроки"	"Продвижение групп VK | SMMplan"	"Надежный B2B сервис"	"Официальные алгоритмы, стабильный старт, безопасные методы продвижения сообществ."	"https://smmplan.pro/services?cat=vk&utm_source=yandex&utm_medium=cpc&utm_campaign={campaign_id}&utm_content={ad_id}&utm_term={keyword}"	"smmplan.pro/b2b"	"31.00"	"Каталог VK"	"https://smmplan.pro/services?cat=vk"	"Живые подписчики и просмотры"	"Тарифы и опт"	"https://smmplan.pro/pricing"	"Скидки для агентств и реселлеров"	"Пополнение баланса"	"https://smmplan.pro/add-funds"	"СБП, Карты РФ, Крипта"	"Поддержка 24/7"	"https://smmplan.pro/support"	"Быстрый ответ в чате"	"Тарифы и опт"	"https://smmplan.pro/pricing"	"Скидки от объема до 40%"	"Отзывы и статус"	"https://smmplan.pro/support"	"99.8% успешных запусков"	"Быстрый старт"	"https://smmplan.pro/signup"	"Тестовый доступ за 30 сек"	"B2B оферта"	"https://smmplan.pro/terms"	"Закрывающие документы"
"[SEARCH] SMMplan — VK Сообщества"	"2"	"VK — Продвижение сообществ и пабликов"	"""раскрутка группы вк"" -бесплатно -скачать -взлом -слив -курсы -уроки"	""	""	""	""	""	"31.00"	""	""	""	""	""	""	""	""	""	""	""	""	""	""	""	""	""	""	""	""	""	""	""	""
"[SEARCH] SMMplan — VK Сообщества"	"2"	"VK — Продвижение сообществ и пабликов"	"""подписчики вк купить"" -бесплатно -скачать -взлом -слив -курсы -уроки"	""	""	""	""	""	"31.00"	""	""	""	""	""	""	""	""	""	""	""	""	""	""	""	""	""	""	""	""	""	""	""	""
"[SEARCH] SMMplan — VK Сообщества"	"2"	"VK — Продвижение сообществ и пабликов"	"""просмотры вк купить"" -бесплатно -скачать -взлом -слив -курсы -уроки"	""	""	""	""	""	"31.00"	""	""	""	""	""	""	""	""	""	""	""	""	""	""	""	""	""	""	""	""	""	""	""	""
"[SEARCH] SMMplan — VK Сообщества"	"2"	"VK — Продвижение сообществ и пабликов"	"""продвижение сообщества вк"" -бесплатно -скачать -взлом -слив -курсы -уроки"	""	""	""	""	""	"31.00"	""	""	""	""	""	""	""	""	""	""	""	""	""	""	""	""	""	""	""	""	""	""	""	""
"[SEARCH] SMMplan — VK Сообщества"	"2"	"VK — Продвижение сообществ и пабликов"	"""smm панель вк"" -бесплатно -скачать -взлом -слив -курсы -уроки"	""	""	""	""	""	"31.00"	""	""	""	""	""	""	""	""	""	""	""	""	""	""	""	""	""	""	""	""	""	""	""	""
"[SEARCH] SMMplan — MAX Мессенджер"	"3"	"MAX — Продвижение в мессенджере MAX"	"""продвижение в мессенджере max"" -airmax -nike -mara -imax -макс корж -фильм -кино -кроссовки -одежда -бесплатно"	"Продвижение каналов в MAX | SMMplan"	"Первый поставщик"	"Быстрый запуск в новом мессенджере MAX. Высокая скорость, живая активность, API."	"https://smmplan.pro/services?cat=max&utm_source=yandex&utm_medium=cpc&utm_campaign={campaign_id}&utm_content={ad_id}&utm_term={keyword}"	"smmplan.pro/b2b"	"22.00"	"Каталог MAX"	"https://smmplan.pro/services?cat=max"	"Эксклюзивные услуги для MAX"	"B2B API шлюз"	"https://smmplan.pro/docs/api"	"Подключение панелей и ботов"	"Быстрая оплата"	"https://smmplan.pro/add-funds"	"Моментальное зачисление баланса"	"Гарантия старта"	"https://smmplan.pro/support"	"Автозапуск за 2 минуты"	"Тарифы и опт"	"https://smmplan.pro/pricing"	"Скидки от объема до 40%"	"Отзывы и статус"	"https://smmplan.pro/support"	"99.8% успешных запусков"	"Быстрый старт"	"https://smmplan.pro/signup"	"Тестовый доступ за 30 сек"	"B2B оферта"	"https://smmplan.pro/terms"	"Закрывающие документы"
"[SEARCH] SMMplan — MAX Мессенджер"	"3"	"MAX — Продвижение в мессенджере MAX"	"""раскрутка канала в max"" -airmax -nike -mara -imax -макс корж -фильм -кино -кроссовки -одежда -бесплатно"	""	""	""	""	""	"22.00"	""	""	""	""	""	""	""	""	""	""	""	""	""	""	""	""	""	""	""	""	""	""	""	""
"[SEARCH] SMMplan — MAX Мессенджер"	"3"	"MAX — Продвижение в мессенджере MAX"	"""подписчики канал max купить"" -airmax -nike -mara -imax -макс корж -фильм -кино -кроссовки -одежда -бесплатно"	""	""	""	""	""	"22.00"	""	""	""	""	""	""	""	""	""	""	""	""	""	""	""	""	""	""	""	""	""	""	""	""
"[SEARCH] SMMplan — MAX Мессенджер"	"3"	"MAX — Продвижение в мессенджере MAX"	"""просмотры max мессенджер"" -airmax -nike -mara -imax -макс корж -фильм -кино -кроссовки -одежда -бесплатно"	""	""	""	""	""	"22.00"	""	""	""	""	""	""	""	""	""	""	""	""	""	""	""	""	""	""	""	""	""	""	""	""
"[SEARCH] SMMplan — MAX Мессенджер"	"3"	"MAX — Продвижение в мессенджере MAX"	"""бусты max купить"" -airmax -nike -mara -imax -макс корж -фильм -кино -кроссовки -одежда -бесплатно"	""	""	""	""	""	"22.00"	""	""	""	""	""	""	""	""	""	""	""	""	""	""	""	""	""	""	""	""	""	""	""	""
"[SEARCH] SMMplan — MAX Мессенджер"	"3"	"MAX — Продвижение в мессенджере MAX"	"""smm панель max"" -airmax -nike -mara -imax -макс корж -фильм -кино -кроссовки -одежда -бесплатно"	""	""	""	""	""	"22.00"	""	""	""	""	""	""	""	""	""	""	""	""	""	""	""	""	""	""	""	""	""	""	""	""
"[SEARCH] SMMplan — MAX Мессенджер"	"3"	"MAX — Продвижение в мессенджере MAX"	"""продвижение max"" -airmax -nike -mara -imax -макс корж -фильм -кино -кроссовки -одежда -бесплатно"	""	""	""	""	""	"22.00"	""	""	""	""	""	""	""	""	""	""	""	""	""	""	""	""	""	""	""	""	""	""	""	""
"[SEARCH] SMMplan — Перехват Конкурентов"	"4"	"Перехват конкурентов SMM"	"""smmprime"" -отзывы -вход -личный кабинет -обман -кидалово -скам -заработок -баллы -бесплатно -задания -бот -босслайк -bosslike"	"Ищете альтернативу? SMMplan B2B"	"Цены первого поставщика"	"Прямой шлюз без переплат. Скорость исполнения 99.8%. Моментальная поддержка и API v2."	"https://smmplan.pro/?ref=ppc_competitors&utm_source=yandex&utm_medium=cpc&utm_campaign={campaign_id}&utm_content={ad_id}&utm_term={keyword}"	"smmplan.pro/b2b"	"48.00"	"Сравнить цены"	"https://smmplan.pro/services"	"Прайс-лист первого поставщика"	"API Документация"	"https://smmplan.pro/docs/api"	"Совместимость с любыми панелями"	"Бонус на тест"	"https://smmplan.pro/signup"	"Тестовый баланс при регистрации"	"Поддержка онлайн"	"https://smmplan.pro/support"	"Ответ специалиста за 2 минуты"	"Тарифы и опт"	"https://smmplan.pro/pricing"	"Скидки от объема до 40%"	"Отзывы и статус"	"https://smmplan.pro/support"	"99.8% успешных запусков"	"Быстрый старт"	"https://smmplan.pro/signup"	"Тестовый доступ за 30 сек"	"B2B оферта"	"https://smmplan.pro/terms"	"Закрывающие документы"
"[SEARCH] SMMplan — Перехват Конкурентов"	"4"	"Перехват конкурентов SMM"	"""smmprime ru"" -отзывы -вход -личный кабинет -обман -кидалово -скам -заработок -баллы -бесплатно -задания -бот -босслайк -bosslike"	""	""	""	""	""	"48.00"	""	""	""	""	""	""	""	""	""	""	""	""	""	""	""	""	""	""	""	""	""	""	""	""
"[SEARCH] SMMplan — Перехват Конкурентов"	"4"	"Перехват конкурентов SMM"	"""doctorsmm"" -отзывы -вход -личный кабинет -обман -кидалово -скам -заработок -баллы -бесплатно -задания -бот -босслайк -bosslike"	""	""	""	""	""	"48.00"	""	""	""	""	""	""	""	""	""	""	""	""	""	""	""	""	""	""	""	""	""	""	""	""
"[SEARCH] SMMplan — Перехват Конкурентов"	"4"	"Перехват конкурентов SMM"	"""smmlaba"" -отзывы -вход -личный кабинет -обман -кидалово -скам -заработок -баллы -бесплатно -задания -бот -босслайк -bosslike"	""	""	""	""	""	"48.00"	""	""	""	""	""	""	""	""	""	""	""	""	""	""	""	""	""	""	""	""	""	""	""	""
"[SEARCH] SMMplan — Перехват Конкурентов"	"4"	"Перехват конкурентов SMM"	"""lowcostsmm"" -отзывы -вход -личный кабинет -обман -кидалово -скам -заработок -баллы -бесплатно -задания -бот -босслайк -bosslike"	""	""	""	""	""	"48.00"	""	""	""	""	""	""	""	""	""	""	""	""	""	""	""	""	""	""	""	""	""	""	""	""
"[SEARCH] SMMplan — Перехват Конкурентов"	"4"	"Перехват конкурентов SMM"	"""soc-service"" -отзывы -вход -личный кабинет -обман -кидалово -скам -заработок -баллы -бесплатно -задания -бот -босслайк -bosslike"	""	""	""	""	""	"48.00"	""	""	""	""	""	""	""	""	""	""	""	""	""	""	""	""	""	""	""	""	""	""	""	""
"[SEARCH] SMMplan — Перехват Конкурентов"	"4"	"Перехват конкурентов SMM"	"""smm panel b2b"" -отзывы -вход -личный кабинет -обман -кидалово -скам -заработок -баллы -бесплатно -задания -бот -босслайк -bosslike"	""	""	""	""	""	"48.00"	""	""	""	""	""	""	""	""	""	""	""	""	""	""	""	""	""	""	""	""	""	""	""	""
"[SEARCH] SMMplan — Перехват Конкурентов"	"4"	"Перехват конкурентов SMM"	"""smm панель оптом"" -отзывы -вход -личный кабинет -обман -кидалово -скам -заработок -баллы -бесплатно -задания -бот -босслайк -bosslike"	""	""	""	""	""	"48.00"	""	""	""	""	""	""	""	""	""	""	""	""	""	""	""	""	""	""	""	""	""	""	""	""